{"cameraMode":{"drawMode":0,"name":"Shaded","section":"Shading Mode"},"sceneLighting":true,"audioPlay":false,"sceneViewState":{"showFog":true,"showMaterialUpdate":false,"showSkybox":true,"showFlares":true,"showImageEffects":true,"showParticleSystems":true},"in2DMode":false,"pivot":{"x":0.0,"y":10.104706764221192,"z":-0.006855294108390808},"rotation":{"x":0.2174212634563446,"y":-0.3380248546600342,"z":0.08057355135679245,"w":0.9121289849281311},"size":0.899432361125946,"orthographic":false}