{"cameraMode":{"drawMode":0,"name":"Shaded","section":"Shading Mode"},"sceneLighting":true,"audioPlay":false,"sceneViewState":{"showFog":true,"showMaterialUpdate":false,"showSkybox":false,"showFlares":true,"showImageEffects":true,"showParticleSystems":true},"in2DMode":false,"pivot":{"x":127.94629669189453,"y":-185.65609741210938,"z":305.2127685546875},"rotation":{"x":-0.31006577610969546,"y":-0.31994637846946719,"z":0.11217600107192993,"w":-0.8883041739463806},"size":232.01699829101563,"orthographic":false}