{"cameraMode":{"drawMode":0,"name":"Shaded","section":"Shading Mode"},"sceneLighting":true,"audioPlay":false,"sceneViewState":{"showFog":true,"showMaterialUpdate":false,"showSkybox":true,"showFlares":true,"showImageEffects":true,"showParticleSystems":true},"in2DMode":false,"pivot":{"x":0.0000171661376953125,"y":0.0,"z":-0.000003814697265625},"rotation":{"x":0.15024082362651826,"y":-0.8356910943984985,"z":0.2794170081615448,"w":0.44845059514045718},"size":13.186861991882325,"orthographic":false}