{"cameraMode":{"drawMode":0,"name":"Shaded","section":"Shading Mode"},"sceneLighting":true,"audioPlay":false,"sceneViewState":{"showFog":true,"showMaterialUpdate":false,"showSkybox":true,"showFlares":true,"showImageEffects":true,"showParticleSystems":true},"in2DMode":false,"pivot":{"x":-0.8077447414398193,"y":10.97714900970459,"z":-0.9504058361053467},"rotation":{"x":-0.10444425046443939,"y":-0.2705117166042328,"z":0.029024891555309297,"w":-0.9568151831626892},"size":0.7543331980705261,"orthographic":false}